{"cameraMode":{"drawMode":0,"name":"Shaded","section":"Shading Mode"},"sceneLighting":false,"audioPlay":false,"sceneViewState":{"m_AlwaysRefresh":false,"showFog":true,"showSkybox":false,"showFlares":true,"showImageEffects":true,"showParticleSystems":true,"showVisualEffectGraphs":true,"m_FxEnabled":true},"in2DMode":false,"pivot":{"x":0.9999988079071045,"y":0.9474101066589356,"z":1.0253052711486817},"rotation":{"x":0.16276036202907563,"y":0.011839226819574833,"z":-0.001953246770426631,"w":0.9865929484367371},"size":1.2443958520889283,"orthographic":false}