{"cameraMode":{"drawMode":0,"name":"Shaded","section":"Shading Mode"},"sceneLighting":false,"audioPlay":false,"sceneViewState":{"m_AlwaysRefresh":false,"showFog":true,"showSkybox":false,"showFlares":true,"showImageEffects":true,"showParticleSystems":true,"showVisualEffectGraphs":true,"m_FxEnabled":true},"in2DMode":false,"pivot":{"x":0.09101445972919464,"y":1.2817169427871705,"z":-0.09448766708374024},"rotation":{"x":0.16276036202907563,"y":0.011839226819574833,"z":-0.001953246770426631,"w":0.9865929484367371},"size":1.831507921218872,"orthographic":false}