{"cameraMode":{"drawMode":0,"name":"Shaded","section":"Shading Mode"},"sceneLighting":false,"audioPlay":false,"sceneViewState":{"m_AlwaysRefresh":false,"showFog":true,"showSkybox":false,"showFlares":true,"showImageEffects":true,"showParticleSystems":true,"showVisualEffectGraphs":true,"m_FxEnabled":true},"in2DMode":false,"pivot":{"x":3.362570285797119,"y":-2.455275297164917,"z":0.016840100288391115},"rotation":{"x":0.4497620761394501,"y":0.0013397110160440207,"z":-0.0006746609578840435,"w":0.8931466937065125},"size":8.939070701599121,"orthographic":false}