{"cameraMode":{"drawMode":0,"name":"Shaded","section":"Shading Mode"},"sceneLighting":false,"audioPlay":false,"sceneViewState":{"m_AlwaysRefresh":false,"showFog":true,"showSkybox":false,"showFlares":true,"showImageEffects":true,"showParticleSystems":true,"showVisualEffectGraphs":true,"m_FxEnabled":true},"in2DMode":false,"pivot":{"x":2.201934814453125,"y":-0.11048603057861328,"z":1.2194600105285645},"rotation":{"x":0.0584251843392849,"y":-0.03742755204439163,"z":0.0021918625570833685,"w":0.9975879788398743},"size":4.491647720336914,"orthographic":false}