{"cameraMode":{"drawMode":0,"name":"Shaded","section":"Shading Mode"},"sceneLighting":false,"audioPlay":false,"sceneViewState":{"m_AlwaysRefresh":false,"showFog":true,"showSkybox":false,"showFlares":true,"showImageEffects":true,"showParticleSystems":true,"showVisualEffectGraphs":true,"m_FxEnabled":true},"in2DMode":false,"pivot":{"x":-0.3250523805618286,"y":-0.3318089246749878,"z":-0.3793344497680664},"rotation":{"x":0.06444813311100006,"y":0.014967992901802063,"z":-0.0009671031148172915,"w":0.9978132247924805},"size":7.019284248352051,"orthographic":false}